tema,page,menu,font,warna,label,,,,
1,1,3,"LMRomanSlant10', 'sansserif', 'monospace', 'icomoon', 'icomoon', 'LMRomanSlant10', 'Raleway', 'Raleway', 'Raleway', 'Raleway', 'Raleway', 'Raleway', 'Raleway', 'Raleway'","#ff0', '#000', '#c0c0c0', '#fff', '#111', '#fff498', '#fff498', '#fff498', '#fff498', '#222', '#ddd', '#e3e3e3', '#e3e3e3', '#111', '#111111', '#111', '#111111', '#e3e3e3', '#111', '#111111', '#e3e3e3', '#111', '#dbdbdb', '#efefef', '#111', '#111', '#efefef', '#111', '#fff', '#909090', '#020202', '#efefef', '#fff', '#efefef', '#111', '#efefef', '#fff', '#efefef', '#111', '#111', '#111', '#111', '#111', '#111', '#111', '#111', '#111', '#111', '#111', '#fff', '#111'",1,,,,
1,1,6,"sansserif', 'Source', 'SFMonoRegular', 'inherit', 'Dosis', 'Source', 'Source', 'SFMonoRegular', 'DosisOpen'","#79A9F5', '#C45F90', '#A16AE8', '#FC8BC0', '#F85C70', '#FF8882', '#FAD02C', '#A3C14A', '#20c997', '#47D8E0', '#fff', '#6c757d', '#343a40', '#F85C70', '#6c757d', '#A3C14A', '#47D8E0', '#FF8882', '#F85C70', '#f8f9fa', '#343a40', '#000000', '#212529', '#fff', '#F85C70', '#f51330', '#6c757d', '#000000', '#fcf8e3', '#6c757d', '#fff', '#dee2e6', '#6c757d', '#FC8BC0', '#fff', '#212529', '#212529', '#212529', '#dee2e6', '#dee2e6', '#dee2e6', '#dee2e6', '#dee2e6', '#000000', '#212529', '#000000', '#fdd1d7', '#fbaab5', '#fcb9c2', '#fcb9c2', '#d6d8db', '#b3b7bb', '#c8cbcf', '#c8cbcf', '#e5eecc', '#cfdfa1', '#dbe8b9', '#dbe8b9', '#cbf4f6', '#9febef', '#b5eff2', '#b5eff2', '#ffdedc', '#ffc1be', '#ffc6c3', '#ffc6c3', '#fdd1d7', '#fbaab5', '#fcb9c2', '#fcb9c2', '#fdfdfe', '#fbfcfc', '#ececf6', '#ececf6', '#c6c8ca', '#95999c', '#b9bbbe', '#b9bbbe', '#000000', '#000000', '#000000', '#fff', '#343a40', '#454d55', '#495057', '#eaf0fc', '#dee2e6', '#fff', '#343a40', '#454d55', '#ffffff', '#fff', '#ffffff', '#495057', '#fff', '#ced4da', '#495057', '#fff', '#fdd6db', '#f85c70', '#6c757d', '#6c757d', '#6c757d', '#6c757d', '#6c757d', '#eaf0fc', '#495057', '#fff', '#212529', '#6c757d', '#A3C14A', '#212529', '#a3c14a', '#A3C14A', '#A3C14A', '#a3c14a', '#A3C14A', '#A3C14A', '#a3c14a', '#A3C14A', '#A3C14A', '#A3C14A', '#b6ce70', '#b6ce70', '#a3c14a', '#A3C14A', '#A3C14A', '#A3C14A', '#a3c14a', '#F85C70', '#fff', '#f85c70', '#F85C70', '#F85C70', '#f85c70', '#F85C70', '#F85C70', '#f85c70', '#F85C70', '#F85C70', '#F85C70', '#fa8d9b', '#fa8d9b', '#f85c70', '#F85C70', '#F85C70', '#F85C70', '#f85c70', '#212529', '#212529', '#f85c70', '#fff', '#F85C70', '#F85C70', '#fff', '#f63750', '#f62b45', '#f97485', '#fff', '#F85C70', '#F85C70', '#fff', '#f62b45', '#f51f3a', '#f97485', '#fff', '#6c757d', '#6c757d', '#fff', '#5a6268', '#545b62', '#828a91', '#fff', '#6c757d', '#6c757d', '#fff', '#545b62', '#4e555b', '#828a91', '#212529', '#A3C14A', '#A3C14A', '#fff', '#8eaa3a', '#86a137', '#90aa45', '#212529', '#A3C14A', '#A3C14A', '#fff', '#86a137', '#7e9734', '#90aa45', '#212529', '#47D8E0', '#47D8E0', '#212529', '#26d1da', '#23c8d1', '#41bdc5', '#212529', '#47D8E0', '#47D8E0', '#212529', '#23c8d1', '#21bdc6', '#41bdc5', '#212529', '#FF8882', '#FF8882', '#fff', '#ff645c', '#ff574f', '#de7975', '#212529', '#FF8882', '#FF8882', '#fff', '#ff574f', '#ff4b42', '#de7975', '#fff', '#F85C70', '#F85C70', '#fff', '#f63750', '#f62b45', '#f97485', '#fff', '#F85C70', '#F85C70', '#fff', '#f62b45', '#f51f3a', '#f97485', '#212529', '#f8f9fa', '#f8f9fa', '#212529', '#e2e6ea', '#dae0e5', '#d8d9db', '#212529', '#f8f9fa', '#f8f9fa', '#212529', '#dae0e5', '#d3d9df', '#d8d9db', '#fff', '#343a40', '#343a40', '#fff', '#23272b', '#1d2124', '#52585d', '#fff', '#343a40', '#343a40', '#fff', '#1d2124', '#171a1d', '#52585d', '#F85C70', '#F85C70', '#fff', '#F85C70', '#F85C70', '#f85c70', '#F85C70', '#fff', '#F85C70', '#F85C70', '#f85c70', '#6c757d', '#6c757d', '#fff', '#6c757d', '#6c757d', '#6c757d', '#6c757d', '#fff', '#6c757d', '#6c757d', '#6c757d', '#A3C14A', '#A3C14A', '#212529', '#A3C14A', '#A3C14A', '#a3c14a', '#A3C14A', '#212529', '#A3C14A', '#A3C14A', '#a3c14a', '#47D8E0', '#47D8E0', '#212529', '#47D8E0', '#47D8E0', '#47d8e0', '#47D8E0', '#212529', '#47D8E0', '#47D8E0', '#47d8e0', '#FF8882', '#FF8882', '#212529', '#FF8882', '#FF8882', '#ff8882', '#FF8882', '#212529', '#FF8882', '#FF8882', '#ff8882', '#F85C70', '#F85C70', '#fff', '#F85C70', '#F85C70', '#f85c70', '#F85C70', '#fff', '#F85C70', '#F85C70', '#f85c70', '#f8f9fa', '#f8f9fa', '#212529', '#f8f9fa', '#f8f9fa', '#f8f9fa', '#f8f9fa', '#212529', '#f8f9fa', '#f8f9fa', '#f8f9fa', '#343a40', '#343a40', '#fff', '#343a40', '#343a40', '#343a40', '#343a40', '#fff', '#343a40', '#343a40', '#343a40', '#F85C70', '#f51330', '#6c757d', '#212529', '#fff', '#000000', '#eaf0fc', '#212529', '#16181b', '#f8f9fa', '#fff', '#F85C70', '#6c757d', '#6c757d', '#212529', '#495057', '#eaf0fc', '#ced4da', '#fff', '#F85C70', '#F85C70', '#f85c70', '#fdd6db', '#fff', '#6c757d', '#eaf0fc', '#fff', '#F85C70', '#F85C70', '#f85c70', '#f85c70', '#f85c70', '#adb5bd', '#fff', '#f85c70', '#495057', '#fff', '#ced4da', '#fdd6db', '#f85c70', '#495057', '#fff', '#6c757d', '#eaf0fc', '#fdd6db', '#f85c70', '#eaf0fc', '#495057', '#fff', '#ced4da', '#495057', '#eaf0fc', '#f85c70', '#f85c70', '#f85c70', '#F85C70', '#dee2e6', '#F85C70', '#dee2e6', '#F85C70', '#dee2e6', '#dee2e6', '#adb5bd', '#adb5bd', '#adb5bd', '#6c757d', '#dee2e6', '#dee2e6', '#6c757d', '#495057', '#fff', '#fff', '#fff', '#F85C70', '#000000', '#000000', '#000000', '#000000', '#000000', '#000000', '#000000', '#000000', '#000000', '#000000', '#000000', '#000000', '#fff', '#fff', '#ffffff', '#ffffff', '#ffffff', '#fff', '#ffffff', '#ffffff', '#ffffff', '#ffffff', '#fff', '#fff', '#fff', '#000000', '#000000', '#000000', '#000000', '#000000', '#212529', '#495057', '#343a40', '#fff', '#f51330', '#f85c70', '#f85c70', '#fff', '#F85C70', '#F85C70', '#6c757d', '#fff', '#dee2e6', '#fff', '#F85C70', '#fff', '#f62b45', '#f85c70', '#fff', '#6c757d', '#fff', '#545b62', '#6c757d', '#212529', '#A3C14A', '#212529', '#86a137', '#a3c14a', '#212529', '#47D8E0', '#212529', '#23c8d1', '#47d8e0', '#212529', '#FF8882', '#212529', '#ff574f', '#ff8882', '#fff', '#F85C70', '#fff', '#f62b45', '#f85c70', '#212529', '#f8f9fa', '#212529', '#dae0e5', '#f8f9fa', '#fff', '#343a40', '#fff', '#1d2124', '#343a40', '#eaf0fc', '#81303a', '#fedee2', '#fdd1d7', '#fcb9c2', '#5c2229', '#383d41', '#e2e3e5', '#d6d8db', '#c8cbcf', '#202326', '#556426', '#edf3db', '#e5eecc', '#dbe8b9', '#363f18', '#257074', '#daf7f9', '#cbf4f6', '#b5eff2', '#194b4d', '#854744', '#ffe7e6', '#ffdedc', '#ffc6c3', '#633533', '#81303a', '#fedee2', '#fdd1d7', '#fcb9c2', '#5c2229', '#818182', '#fefefe', '#fdfdfe', '#ececf6', '#686868', '#1b1e21', '#d6d8d9', '#c6c8ca', '#b9bbbe', '#040505', '#eaf0fc', '#fff', '#F85C70', '#ffffff', '#ffffff', '#495057', '#495057', '#f8f9fa', '#212529', '#eaf0fc', '#fff', '#000000', '#6c757d', '#fff', '#fff', '#F85C70', '#F85C70', '#81303a', '#fdd1d7', '#81303a', '#fcb9c2', '#fff', '#81303a', '#81303a', '#383d41', '#d6d8db', '#383d41', '#c8cbcf', '#fff', '#383d41', '#383d41', '#556426', '#e5eecc', '#556426', '#dbe8b9', '#fff', '#556426', '#556426', '#257074', '#cbf4f6', '#257074', '#b5eff2', '#fff', '#257074', '#257074', '#854744', '#ffdedc', '#854744', '#ffc6c3', '#fff', '#854744', '#854744', '#81303a', '#fdd1d7', '#81303a', '#fcb9c2', '#fff', '#81303a', '#81303a', '#818182', '#fdfdfe', '#818182', '#ececf6', '#fff', '#818182', '#818182', '#1b1e21', '#c6c8ca', '#1b1e21', '#b9bbbe', '#fff', '#1b1e21', '#1b1e21', '#000', '#fff', '#000', '#ffffff', '#000000', '#000000', '#6c757d', '#ffffff', '#000000', '#fff', '#000000', '#000', '#dee2e6', '#dee2e6', '#000', '#000', '#000', '#000', '#fff', '#000', '#fff', '#000000', '#000000', '#fff', '#000000', '#fff', '#000000', '#fff', '#f7f7f7', '#000000', '#fff', '#f7f7f7', '#ebebeb', '#212529', '#fff', '#fff', '#fff', '#fff', '#000000', '#000000', '#000000', '#000000', '#000000', '#ffffff', '#adb5bd', '#000', '#dee2e6', '#dee2e6', '#444', '#6c757d', '#343a40', '#F85C70', '#212529', '#495057', '#fff', '#6c757d', '#dee2e6', '#F85C70', '#fff', '#F85C70', '#dee2e6', '#212529', '#F85C70', '#fff', '#f85c70', '#fff', '#fff', '#dee2e6', '#444', '#dee2e6', '#f8f9fa', '#6c757d', '#F85C70', '#363636', '#363636', '#808080', '#888', '#17263C', '#000000', '#000000', '#fff', '#fff', '#212529', '#fcbec6', '#f2f4f7', '#dee2e6', '#dee2e6', '#dee2e6', '#fff', '#F85C70'",2,,,,
1,3,3,"Lato', 'Courier', 'Courier', 'FontAwesome', 'FontAwesome', 'FontAwesome'","#fff', '#444', '#4dac71', '#666', '#666', '#909090', '#909090', '#909090', '#909090', '#909090', '#666', '#909090', '#909090', '#4dac71', '#4dac71', '#909090', '#444', '#909090', '#909090', '#3ba666', '#3ba666', '#ffffff', '#4dac71', '#4dac71', '#909090', '#4dac71', '#909090', '#909090', '#909090', '#909090', '#666', '#909090', '#909090', '#909090', '#3ba666', '#42b972', '#34935a', '#909090', '#909090', '#909090', '#888', '#4dac71', '#5cb67e', '#459a65', '#000000', '#202222', '#ffffff', '#ffffff', '#cee8d8', '#ffffff', '#ffffff', '#ffffff', '#ffffff', '#ffffff', '#3ba666', '#ffffff', '#ffffff', '#ffffff', '#909090', '#202222', '#888', '#ffffff', '#888', '#ffffff', '#888', '#ffffff', '#909090'",3,,,,
1,3,3,"Lato', 'Courier', 'Courier', 'FontAwesome', 'FontAwesome', 'FontAwesome', 'Pacifico', 'FontAwesome', 'FontAwesome'","#fff', '#fff', '#111111', '#e5474b', '#e5474b', '#e5474b', '#e5474b', '#e5474b', '#e5474b', '#e5474b', '#e5474b', '#5a5a5a', '#676767', '#4d4d4d', '#e5474b', '#fceced', '#f9dadb', '#717171', '#e5474b', '#e85d61', '#e23135', '#e5474b', '#fceced', '#e5474b', '#e5474b', '#e5474b', '#111111', '#e5474b', '#e5474b', '#e5474b', '#ffffff', '#e5474b', '#e5474b', '#e5474b', '#717171', '#e5474b', '#e5474b', '#e5474b', '#e5474b', '#e5474b', '#e5474b', '#f2a3a5', '#ffffff', '#ffffff', '#ffffff', '#fff', '#fff', '#fff', '#fff', '#fff', '#5a5a5a', '#676767', '#4d4d4d', '#fff', '#ffffff', '#ffffff', '#f8d1d2', '#ffffff', '#ffffff', '#ffffff', '#ffffff', '#ffffff', '#fff', '#f2a3a5', '#fff', '#ffffff', '#ffffff', '#e5474b', '#ffffff', '#ffffff', '#fff', '#f8d1d2', '#fff', '#ffffff', '#fff', '#fff', '#fff', '#5a5a5a', '#d5d5d5', '#ffffff', '#e5474b', '#ffffff', '#ffffff', '#ffffff', '#ffffff', '#ffffff', '#ffffff', '#ffffff', '#ffffff', '#ffffff', '#ffffff', '#bdbdbd', '#e5474b', '#e85d61', '#e23135', '#ffffff', '#ffffff', '#ffffff', '#e5474b', '#e5474b', '#ffffff', '#d5d5d5', '#ffffff', '#ffffff', '#e5474b', '#e5474b', '#ffffff', '#e5474b', '#e5474b', '#ffffff', '#bdbdbd', '#ffffff', '#ffffff', '#ffffff', '#ffffff', '#ffffff', '#ffffff', '#1c1c1c', '#d5d5d5', '#e5474b', '#e5474b', '#ffffff', '#ffffff', '#fff', '#fff', '#1c1c1c', '#fff', '#000000', '#ffffff', '#fff', '#484848', '#e5474b', '#f2a3a5', '#0c0c0c', '#ffffff', '#ffffff', '#ffffff', '#fff', '#fff', '#fff', '#fff', '#5a5a5a', '#676767', '#4d4d4d', '#fff', '#ffffff', '#ffffff', '#f8d1d2', '#ffffff', '#0c0c0c', '#f3f3f3', '#717171', '#b3b3b3', '#e5474b', '#f2a3a5', '#e5474b', '#ffffff', '#ffffff', '#ffffff', '#fff', '#fff', '#fff', '#fff', '#5a5a5a', '#676767', '#4d4d4d', '#fff', '#ffffff', '#ffffff', '#f8d1d2', '#ffffff', '#ffffff', '#ffffff', '#ffffff', '#ffffff', '#fff', '#f2a3a5', '#fff', '#ffffff', '#ffffff', '#e5474b', '#ffffff', '#ffffff', '#e5474b', '#f2a3a5'",4,,,,
1,3,3,"Source', 'Courier', 'Courier', 'FontAwesome', 'FontAwesome', 'FontAwesome', 'FontAwesome'","#fff', '#9a9a9a', '#6cc091', '#555', '#555', '#dbdbdb', '#909090', '#dbdbdb', '#dbdbdb', '#bbb', '#555', '#6cc091', '#8dcca9', '#fff', '#4bae77', '#4bae77', '#fff', '#9a9a9a', '#909090', '#8dcca9', '#6cc091', '#6cc091', '#ffffff', '#6cc091', '#6cc091', '#dbdbdb', '#8dcca9', '#dbdbdb', '#000000', '#dbdbdb', '#909090', '#555', '#dbdbdb', '#dbdbdb', '#dbdbdb', '#6cc091', '#6cc091', '#6cc091', '#FFF', '#7ec89e', '#7ec89e', '#bbb', '#6cc091', '#7ec89e', '#5ab884', '#000000', '#6cc091', '#fff', '#ffffff', '#ffffff', '#ffffff', '#6cc091', '#daefe3', '#000000', '#8dcca9', '#daefe3', '#daefe3', '#4b4b5d', '#ffffff', '#fff', '#fff', '#6cc091', '#ffffff', '#ffffff', '#6cc091', '#fff', '#FFF', '#FFF', '#ffffff', '#6cc091', '#FFF', '#ffffff', '#FFF'",5,,,,
1,1,4,Lato',"#fff', '#fff', '#fff', '#fff', '#fff', '#fff', '#8c363e', '#fff', '#000000', '#fff', '#fff', '#a43f49', '#fafafa', '#a43f49', '#fff', '#a43f49', '#fff', '#a43f49', '#fff', '#fff', '#fafafa', '#fff', '#a43f49', '#fff', '#fff', '#a43f49', '#a43f49', '#fff', '#fff', '#a43f49', '#a43f49', '#fff', '#fafafa', '#fafafa', '#fafafa', '#1e1e1e', '#4a4a4a', '#a43f49', '#a43f49', '#fff', '#fff', '#fafafa', '#f7f7f7', '#232323', '#7a7a7a', '#a43f49', '#fff', '#ffffff', '#fafafa', '#fafafa', '#fff', '#fafafa', '#fafafa', '#fff', '#fff'",6,,,,
1,3,3,Open Sans',"#eeeeee', '#6C6D6E', '#61AEAE', '#0099CC', '#999A9B', '#0299CC', '#999A9B', '#0299CC', '#626364', '#656667', '#9A9B9C', '#9A9B9C', '#3085a3', '#fff', '#9e5406', '#fff', '#fff', '#fff', '#fff', '#000000', '#9999CC', '#9a9afc'",7,,,,
1,1,5,Open Sans',"#707172', '#666', '#069', '#333', '#000000', '#ffffff', '#fff', '#cdcecf', '#069', '#F93', '#369', '#98999a', '#3085a3', '#fff', '#069', '#fff', '#fff', '#fff', '#fff', '#ccc', '#707172', '#cdcecf', '#fff', '#999', '#cdcecf', '#000000', '#000000'",8,,,,
1,1,3,supra classic',"#8f8f8f', '#ced4da', '#3496d8', '#3496d8', '#73c1f6', '#e9ecef', '#3496d8', '#8f8f8f', '#8f8f8f', '#3496d8', '#8f8f8f', '#8f8f8f', '#333', '#c57e7d', '#3496d8', '#3496d8', '#3ba0dd', '#3085a3', '#fff', '#4a3753', '#3496d8', '#3496d8', '#3496d8', '#8f8f8f'",9,,,,
1,1,4,"'Merriweather', 'Merriweather', 'varbsfontmonospace', 'inherit', 'Merriweather', 'Merriweather', 'Merriweather', 'varbsfontmonospace', 'Merriweather', 'Merriweather', 'Merriweather'","'#0d6efd', '#6610f2', '#6f42c1', '#d63384', '#dc3545', '#f4623a', '#ffc107', '#198754', '#20c997', '#0dcaf0', '#fff', '#6c757d', '#343a40', '#f4623a', '#6c757d', '#198754', '#0dcaf0', '#ffc107', '#dc3545', '#f8f9fa', '#212529', '#ffffff', '#212529', '#fff', '#000000', '#fcf8e3', '#f4623a', '#c34e2e', '#d63384', '#fff', '#212529', '#6c757d', '#6c757d', '#fff', '#dee2e6', '#6c757d', '#212529', '#000000', '#212529', '#000000', '#212529', '#000000', '#212529', '#dee2e6', '#fde0d8', '#f0d5cd', '#000', '#e4cac2', '#000', '#eacfc8', '#000', '#000', '#e4cac2', '#e2e3e5', '#d7d8da', '#000', '#cbccce', '#000', '#d1d2d4', '#000', '#000', '#cbccce', '#d1e7dd', '#c7dbd2', '#000', '#bcd0c7', '#000', '#c1d6cc', '#000', '#000', '#bcd0c7', '#cff4fc', '#c5e8ef', '#000', '#badce3', '#000', '#bfe2e9', '#000', '#000', '#badce3', '#fff3cd', '#f2e7c3', '#000', '#e6dbb9', '#000', '#ece1be', '#000', '#000', '#e6dbb9', '#f8d7da', '#eccccf', '#000', '#dfc2c4', '#000', '#e5c7ca', '#000', '#000', '#dfc2c4', '#f8f9fa', '#ecedee', '#000', '#dfe0e1', '#000', '#e5e6e7', '#000', '#000', '#dfe0e1', '#212529', '#2c3034', '#fff', '#373b3e', '#fff', '#323539', '#fff', '#fff', '#373b3e', '#6c757d', '#212529', '#fff', '#ced4da', '#212529', '#fff', '#fab19d', '#f4623a', '#6c757d', '#6c757d', '#6c757d', '#e9ecef', '#212529', '#e9ecef', '#dde0e3', '#212529', '#e9ecef', '#dde0e3', '#212529', '#212529', '#fff', '#ced4da', '#fab19d', '#f4623a', '#e9ecef', '#212529', '#fff', '#000000', '#fab19d', '#f4623a', '#f4623a', '#f4623a', '#f4623a', '#f4623a', '#f4623a', '#f4623a', '#f4623a', '#fcd0c4', '#dee2e6', '#f4623a', '#fcd0c4', '#dee2e6', '#adb5bd', '#adb5bd', '#212529', '#e9ecef', '#ced4da', '#198754', '#fff', '#198754', '#198754', '#198754', '#198754', '#198754', '#198754', '#198754', '#198754', '#198754', '#198754', '#198754', '#dc3545', '#fff', '#dc3545', '#dc3545', '#dc3545', '#dc3545', '#dc3545', '#dc3545', '#dc3545', '#dc3545', '#dc3545', '#dc3545', '#dc3545', '#212529', '#212529', '#f4623a', '#fff', '#f4623a', '#f4623a', '#fff', '#cf5331', '#c34e2e', '#fff', '#cf5331', '#c34e2e', '#f67a58', '#fff', '#c34e2e', '#b74a2c', '#f67a58', '#fff', '#f4623a', '#f4623a', '#fff', '#6c757d', '#6c757d', '#fff', '#5c636a', '#565e64', '#fff', '#5c636a', '#565e64', '#828a91', '#fff', '#565e64', '#51585e', '#828a91', '#fff', '#6c757d', '#6c757d', '#fff', '#198754', '#198754', '#fff', '#157347', '#146c43', '#fff', '#157347', '#146c43', '#3c996e', '#fff', '#146c43', '#13653f', '#3c996e', '#fff', '#198754', '#198754', '#000', '#0dcaf0', '#0dcaf0', '#000', '#31d2f2', '#25cff2', '#000', '#31d2f2', '#25cff2', '#0baccc', '#000', '#3dd5f3', '#25cff2', '#0baccc', '#000', '#0dcaf0', '#0dcaf0', '#000', '#ffc107', '#ffc107', '#000', '#ffca2c', '#ffc720', '#000', '#ffca2c', '#ffc720', '#d9a406', '#000', '#ffcd39', '#ffc720', '#d9a406', '#000', '#ffc107', '#ffc107', '#fff', '#dc3545', '#dc3545', '#fff', '#bb2d3b', '#b02a37', '#fff', '#bb2d3b', '#b02a37', '#e15361', '#fff', '#b02a37', '#a52834', '#e15361', '#fff', '#dc3545', '#dc3545', '#000', '#f8f9fa', '#f8f9fa', '#000', '#f9fafb', '#f9fafb', '#000', '#f9fafb', '#f9fafb', '#d3d4d5', '#000', '#f9fafb', '#f9fafb', '#d3d4d5', '#000', '#f8f9fa', '#f8f9fa', '#fff', '#212529', '#212529', '#fff', '#1c1f23', '#1a1e21', '#fff', '#1c1f23', '#1a1e21', '#424649', '#fff', '#1a1e21', '#191c1f', '#424649', '#fff', '#212529', '#212529', '#f4623a', '#f4623a', '#fff', '#f4623a', '#f4623a', '#f4623a', '#fff', '#f4623a', '#f4623a', '#f4623a', '#f4623a', '#6c757d', '#6c757d', '#fff', '#6c757d', '#6c757d', '#6c757d', '#fff', '#6c757d', '#6c757d', '#6c757d', '#6c757d', '#198754', '#198754', '#fff', '#198754', '#198754', '#198754', '#fff', '#198754', '#198754', '#198754', '#198754', '#0dcaf0', '#0dcaf0', '#000', '#0dcaf0', '#0dcaf0', '#0dcaf0', '#000', '#0dcaf0', '#0dcaf0', '#0dcaf0', '#0dcaf0', '#ffc107', '#ffc107', '#000', '#ffc107', '#ffc107', '#ffc107', '#000', '#ffc107', '#ffc107', '#ffc107', '#ffc107', '#dc3545', '#dc3545', '#fff', '#dc3545', '#dc3545', '#dc3545', '#fff', '#dc3545', '#dc3545', '#dc3545', '#dc3545', '#f8f9fa', '#f8f9fa', '#000', '#f8f9fa', '#f8f9fa', '#f8f9fa', '#000', '#f8f9fa', '#f8f9fa', '#f8f9fa', '#f8f9fa', '#212529', '#212529', '#fff', '#212529', '#212529', '#212529', '#fff', '#212529', '#212529', '#212529', '#212529', '#f4623a', '#c34e2e', '#6c757d', '#212529', '#fff', '#000000', '#000000', '#212529', '#1e2125', '#e9ecef', '#fff', '#f4623a', '#adb5bd', '#6c757d', '#212529', '#dee2e6', '#343a40', '#000000', '#dee2e6', '#fff', '#ffffff', '#fff', '#f4623a', '#adb5bd', '#000000', '#dee2e6', '#adb5bd', '#f4623a', '#c34e2e', '#6c757d', '#dee2e6', '#dee2e6', '#6c757d', '#495057', '#fff', '#fff', '#fff', '#f4623a', '#000000', '#000000', '#000000', '#000000', '#000000', '#000000', '#000000', '#000000', '#000000', '#000000', '#fff', '#fff', '#ffffff', '#ffffff', '#ffffff', '#fff', '#ffffff', '#ffffff', '#ffffff', '#fff', '#fff', '#000000', '#000000', '#000000', '#000000', '#000000', '#212529', '#fff', '#dc5834', '#feefeb', '#000000', '#fab19d', '#f4623a', '#fff', '#000000', '#6c757d', '#6c757d', '#f4623a', '#fff', '#dee2e6', '#c34e2e', '#e9ecef', '#dee2e6', '#c34e2e', '#e9ecef', '#f4623a', '#fff', '#f4623a', '#f4623a', '#6c757d', '#fff', '#dee2e6', '#fff', '#923b23', '#fde0d8', '#fcd0c4', '#752f1c', '#41464b', '#e2e3e5', '#d3d6d8', '#34383c', '#0f5132', '#d1e7dd', '#badbcc', '#0c4128', '#087990', '#cff4fc', '#b6effb', '#066173', '#997404', '#fff3cd', '#ffecb5', '#7a5d03', '#842029', '#f8d7da', '#f5c2c7', '#6a1a21', '#636464', '#fefefe', '#fdfdfe', '#4f5050', '#141619', '#d3d3d4', '#bcbebf', '#101214', '#e9ecef', '#fff', '#f4623a', '#ffffff', '#495057', '#495057', '#f8f9fa', '#212529', '#e9ecef', '#212529', '#fff', '#000000', '#6c757d', '#fff', '#fff', '#f4623a', '#f4623a', '#923b23', '#fde0d8', '#923b23', '#e4cac2', '#fff', '#923b23', '#923b23', '#41464b', '#e2e3e5', '#41464b', '#cbccce', '#fff', '#41464b', '#41464b', '#0f5132', '#d1e7dd', '#0f5132', '#bcd0c7', '#fff', '#0f5132', '#0f5132', '#087990', '#cff4fc', '#087990', '#badce3', '#fff', '#087990', '#087990', '#997404', '#fff3cd', '#997404', '#e6dbb9', '#fff', '#997404', '#997404', '#842029', '#f8d7da', '#842029', '#dfc2c4', '#fff', '#842029', '#842029', '#636464', '#fefefe', '#636464', '#e5e5e5', '#fff', '#636464', '#636464', '#141619', '#d3d3d4', '#141619', '#bebebf', '#fff', '#141619', '#141619', '#000', '#000', '#f4623a', '#ffffff', '#000000', '#000000', '#6c757d', '#ffffff', '#000000', '#fff', '#000000', '#000', '#dee2e6', '#dee2e6', '#000', '#000', '#000', '#000', '#fff', '#000', '#fff', '#000000', '#000000', '#fff', '#000000', '#fff', '#000000', '#fff', '#f0f0f0', '#000000', '#fff', '#f0f0f0', '#d8d8d8', '#212529', '#fff', '#fff', '#fff', '#fff', '#000', '#000', '#fff', '#000000', '#000000', '#000000', '#000000', '#f4623a', '#c34e2e', '#6c757d', '#565e64', '#198754', '#146c43', '#0dcaf0', '#3dd5f3', '#ffc107', '#ffcd39', '#dc3545', '#b02a37', '#f8f9fa', '#f9fafb', '#212529', '#1a1e21', '#000000', '#000000', '#000000', '#000000', '#ffffff', '#ffffff', '#f4623a', '#fff', '#000000', '#fff', '#212529', '#6c757d', '#f4623a', '#ffffff', '#fff', '#ffffff', '#fff', '#000000', '#fff', '#212529', '#f4623a', '#212529', '#f4623a', '#5c4d42', '#fff', '#f4623a'",10,,,,
1,1,4,"'Source', 'Courier', 'Courier', 'FontAwesome', 'FontAwesome'","'#1b1f22', '#ffffff', '#ffffff', '#ffffff', '#ffffff', '#ffffff', '#ffffff', '#ffffff', '#ffffff', '#ffffff', '#ffffff', '#ffffff', '#ffffff', '#ffffff', '#ffffff', '#1b1f22', '#ffffff', '#ffffff', '#1b1f22', '#ffffff', '#ffffff', '#ffffff', '#ffffff', '#ffffff', '#ffffff', '#ffffff', '#ffffff', '#ffffff', '#131519', '#ffffff', '#ffffff', '#ffffff', '#ffffff', '#ffffff', '#ffffff', '#ffffff', '#ffffff', '#ffffff', '#ffffff', '#ffffff', '#ffffff', '#ffffff', '#ffffff', '#131519', '#000000', '#000000', '#000000', '#000000', '#000000', '#ffffff', '#ffffff', '#ffffff', '#ffffff', '#ffffff', '#ffffff', '#ffffff', '#ffffff', '#ffffff', '#1b1f22', '#ffffff', '#ffffff'",11,,,,
1,5,5,"'BwNistaIntxBd', 'Roboto', 'Roboto', 'Playfair', 'Playfair', 'BwNistaIntxBd', 'Playfair', 'BwNistaIntxBd', 'BwNistaIntxBd', 'Playfair'","'#4c4c4c', '#4c4c4c', '#000', '#41228e', '#fff', '#542cb7', '#41228e', '#41228e', '#fff', '#542cb7', '#fff', '#542cb7', '#fff', '#fff', '#41228e', '#000', '#4c4c4c', '#e0f1ff', '#c8d5ef', '#fff', '#ffffff', '#c7c7c7', '#41228e', '#41228e', '#41228e', '#fff', '#ffffff', '#ffffff', '#41228e', '#fff', '#41228e', '#fff', '#e0f1ff', '#000000', '#2bfdff', '#e0f1ff', '#eaeaea', '#41228e', '#000",12,,,,
1,1,3,"Open Sans', 'Open Sans'","'#777', '#555', '#222', '#555', '#000', '#666', '#f6f6f6', '#fff', '#555', '#000', '#000', '#ffffff', '#fff', '#555', '#777', '#fff', '#121d1f', '#121d1f', '#333', '#e5e5e5', '#333', '#f6f6f6', '#777', '#555', '#222', '#222', '#fff', '#222', '#222', '#fff', '#ffffff', '#000000', '#fff', '#E87E04', '#fff', '#E87E04', '#2c3e50', '#ffffff', '#999', '#2c3e50', '#2c3e50', '#2c3e50', '#2c3e50', '#444', '#000', '#f6f6f6', '#777', '#555', '#000'",13,,,,
1,3,3,"'Poppins', 'Poppins', 'Poppins'","'#777777', '#777777', '#777777', '#777777', '#777777', '#777777', '#222222', '#f9f9ff', '#222222', '#222222', '#222222', '#fff', '#fff', '#000', '#f9fafc', '#fff', '#3c408f', '#777777', '#fff', '#eee', '#fff', '#eee', '#222222', '#f9f9ff', '#f9f9ff', '#fff', '#f9f9ff', '#fff', '#222222', '#f9f9ff', '#fff', '#f67590', '#f67590', '#f67590', '#fff', '#f67590', '#f67590', '#fff', '#f67590', '#fff', '#56e4d2', '#56e4d2', '#fff', '#56e4d2', '#56e4d2', '#fff', '#56e4d2', '#fff', '#38a4ff', '#38a4ff', '#fff', '#38a4ff', '#38a4ff', '#fff', '#38a4ff', '#fff', '#f4e700', '#f4e700', '#fff', '#f4e700', '#f4e700', '#fff', '#f4e700', '#fff', '#f44a40', '#f44a40', '#fff', '#f44a40', '#f44a40', '#fff', '#f44a40', '#222222', '#f9f9ff', '#222222', '#f9f9ff', '#fff', '#222222', '#f9f9ff', '#fff', '#222222', '#f9f9ff', '#f9f9ff', '#f9f9ff', '#f67590', '#f9f9ff', '#222222', '#edf3fd', '#6382e6', '#e66686', '#f09359', '#73fbaf', '#73fbaf', '#6382e6', '#a367e7', '#e66686', '#f67590', '#fff', '#f67590', '#777777', '#f67590', '#777777', '#f67590', '#777777', '#f9f9ff', '#797979', '#f9f9ff', '#f9f9ff', '#f67590', '#f9f9ff', '#eb6b55', '#f9f9ff', '#f09359', '#f9f9ff', '#f67590', '#000000', '#f9f9ff', '#fff', '#000000', '#f67590', '#f9f9ff', '#fff', '#000000', '#222222', '#f9f9ff', '#f1f1f1', '#f9f9ff', '#f1f1f1', '#f9f9ff', '#f1f1f1', '#f9f9ff', '#f1f1f1', '#f9f9ff', '#f1f1f1', '#f9f9ff', '#f1f1f1', '#f9f9ff', '#f67590', '#f67590', '#f9f9ff', '#f67590', '#f67590', '#fff', '#fff', '#fff', '#f67590', '#f67590', '#fff', '#eee', '#000', '#f67590', '#fff', '#fff', '#222222', '#f66483', '#fff', '#fff', '#f66483', '#fff', '#fff', '#fff', '#fff', '#f9faff', '#fff', '#f5204b', '#fff', '#f67590', '#fff', '#fff', '#000', '#f67590', '#fff', '#fff', '#fff', '#fff', '#fff', '#000', '#fff', '#f9faff', '#fff'",14,,,,
1,1,5,Open Sans',"'#7a7a7a', '#f4f4f4', '#fff', '#fff', '#fff', '#fff', '#333', '#fff', '#fff', '#333', '#000000', '#fff', '#fff', '#232323', '#000000', '#000000', '#fafafa', '#fff', '#fff', '#fff', '#fff', '#fff', '#fff', '#fff', '#fff', '#232323', '#fff', '#fff', '#fff', '#fff', '#fff', '#fff', '#fff', '#fff', '#fff', '#fff', '#fff', '#fff', '#fff', '#000000', '#fff', '#fff', '#fff', '#fafafa', '#fff', '#fafafa', '#fff', '#fff', '#232323', '#fff', '#fff', '#aaa', '#fafafa'",15,,,,
1,6,6,"'icomoon', 'Karla', 'Karla', 'Playfair', 'Karla', 'Playfair', 'Karla', 'Karla', 'Karla', 'Playfair', 'Playfair'","'#fafafa', '#CA82F8', '#CA82F8', '#727272', '#000000', '#fcfcfc', '#b7c2c2', '#fcfcfc', '#b7c2c2', '#fcfcfc', '#b7c2c2', '#000000', '#000000', '#fff', '#CA82F8', '#333333', '#333333', '#333333', '#333333', '#333333', '#f2f2f2', '#fafafa', '#CA82F8', '#fff', '#fff', '#fff', '#000000', '#fff', '#000', '#000', '#000', '#fff', '#000', '#000', '#000', '#f0f0f0', '#000', '#bfbfbf', '#fff', '#000', '#049dff', '#049dff', '#fdba04', '#fdba04', '#ed687c', '#ed687c', '#1abc9c', '#1abc9c', '#000', '#000000', '#fff', '#000000', '#000000', '#000000', '#000000', '#000000', '#000', '#000', '#fff', '#000', '#000000', '#fff', '#fff', '#FFE9E3', '#000', '#000000', '#000000', '#000000', '#000000', '#000000', '#000', '#fff', '#000', '#e6e6e6', '#000', '#000', '#4d4d4d', '#000', '#CA82F8', '#fff', '#CA82F8', '#4d4d4d', '#d9d9d9', '#CA82F8', '#fff', '#5cb85c', '#fff', '#5cb85c', '#5cb85c', '#5cb85c', '#5cb85c', '#fff', '#5bc0de', '#fff', '#5bc0de', '#5bc0de', '#5bc0de', '#5bc0de', '#fff', '#f0ad4e', '#fff', '#f0ad4e', '#f0ad4e', '#f0ad4e', '#f0ad4e', '#fff', '#d9534f', '#fff', '#d9534f', '#d9534f', '#d9534f', '#d9534f', '#fff', '#fff', '#000', '#000', '#000', '#000', '#000', '#fff', '#000', '#333333', '#fff', '#fff', '#fff', '#fff', '#000000', '#CA82F8', '#CA82F8', '#000', '#CA82F8', '#1a1a1a', '#000000', '#fafafa', '#ca82f8'",16,,,,
1,1,5,icomoon',"'#fff', '#ffffff', '#222', '#000', '#fff', '#000', '#fff', '#000', '#fff', '#fff', '#bac964', '#b2c251', '#fff', '#fff', '#fff', '#fff', '#000', '#000', '#000000', '#fff', '#000000', '#000000', '#000', '#000', '#000000', '#000000', '#ccc', '#000000', '#fff', '#ffffff', '#333', '#edf0f2', '#bac964', '#080b0e', '#bac964', '#fff', '#b2c251', '#bac964', '#bac964', '#ffffff', '#bac964', '#bac964', '#bac964', '#cccccc', '#fff', '#bac964', '#000', '#333', '#bac964', '#333', '#fff', '#bac964', '#ffffff', '#000000', '#000000', '#333', '#000000', '#000000', '#fff', '#bac964', '#ffffff', '#bac964', '#333', '#fff', '#000000', '#000000', '#404040', '#ffffff', '#ffffff', '#ffffff', '#ffffff', '#b3bdc6', '#2c3e50', '#333', '#000000', '#000000', '#333', '#000000', '#000000', '#666666', '#ffffff'",17,,,,
1,2,6,"Source', 'Source', 'FontAwesome'","'#000', '#000', '#000', '#fff', '#000', '#000', '#ddd', '#000', '#ffc900', '#000', '#fff', '#ffc900', '#ffc900', '#000', '#fff', '#fff', '#eee', '#000', '#000', '#ffc900', '#ffc900', '#fff', '#000', '#ffc900', '#eee', '#ffffff', '#000', '#ffc900', '#000', '#fff', '#fff', '#fff', '#fff', '#fff', '#ffc900', '#fff', '#ffc900', '#000', '#ffc900', '#000', '#ffc900', '#fff', '#000', '#ffc900', '#000', '#ffc900', '#ffc900', '#ddd', '#000', '#fff', '#fff', '#000', '#000', '#fff', '#fff', '#333', '#fff', '#000', '#3e3e3e', '#fff', '#fff', '#ddd', '#000', '#aaa', '#aaa', '#333', '#ffc900', '#ffc900', '#000000', '#fff', '#000', '#ffc900', '#ffc900', '#aaa', '#aaa', '#aaa', '#aaa', '#ffc900', '#ffc900', '#aaa', '#000', '#aaa', '#fff', '#000', '#ffc900', '#fff', '#eee', '#ffc900', '#aaa', '#aaa', '#aaa', '#aaa', '#eee', '#ddd', '#aaa', '#fff', '#aaa', '#000', '#000', '#ffc900', '#ffc900', '#ffc900', '#000', '#000', '#aaa', '#aaa', '#ffc900', '#ddd', '#ffc900', '#fff', '#fff', '#000', '#000', '#fff', '#000', '#000', '#ddd', '#ffc900', '#eee', '#000', '#000', '#ffc900', '#ffc900', '#ccc', '#f8f9fa', '#f8f9fa', '#f8f9fa', '#aaa', '#aaa', '#aaa', '#aaa', '#aaa', '#aaa', '#aaa', '#000', '#fff', '#000', '#ffc900', '#f00', '#000', '#000', '#ffc900', '#eee', '#ffc900'",18,,,,
1,4,4,"'Raleway', 'Dosis'","'#0c0c0c', '#ffffff', '#000000', '#000000', '#141a1a', '#f0b016', '#ffffff', '#000000', '#ffffff', '#b5b0b0', '#f0b016', '#f0b016', '#ffffff', '#f0b016', '#000000', '#000000', '#ffffff', '#000000', '#b5b0b0', '#f6f6f6', '#f0b016', '#f0b016', '#ffffff', '#f0b016', '#b0b0b0', '#e8ad22', '#ffffff', '#ffffff', '#ffffff', '#000000', '#000000', '#fbb534', '#000000', '#000000', '#f8f8f8', '#ffffff', '#000000', '#000000', '#fbb534', '#000000', '#000000', '#fbb534', '#fbb534', '#0d0806', '#0d0806', '#ffffff', '#0d0806', '#000000', '#000000', '#fbb534', '#000000', '#000000', '#f0b016', '#f0b016', '#f0b016', '#252525', '#ffffff', '#ffffff', '#f0b016', '#ffffff', '#ffffff', '#101010', '#131313', '#131313', '#131313', '#131313', '#fff', '#f0b016', '#2c2925', '#ffffff', '#292929', '#ffffff', '#ffffff', '#ffffff', '#ffffff', '#f0b016', '#f0b016', '#ffffff', '#000000', '#9a9999', '#9a9999', '#9a9999', '#9a9999', '#f0b016', '#f0b016', '#ffffff', '#ffffff'",19,,,,
2,1,4,"Raleway', 'Oswald'","#666', '#FF6', '#9FF', '#066', '#F36', '#066', '#FFF', '#FC6', '#CC9966', '#544639', '#006666', '#0a8585', '#544639', '#006666', '#CC9966', '#CC9966', '#b67533', '#000000', '#CC9966'",20,,,,
2,4,4,"Roboto', 'Roboto', 'Montserrat', 'Montserrat', 'Great', 'Great', 'poppins', 'Great', 'Raleway', 'Raleway', 'Glyphicons'","'#666666', '#1f1f1f', '#1f1f1f', '#07528d', '#212121', '#1f1f1f', '#000', '#ddd', '#767676', '#ffffff', '#fff', '#ffffff', '#00cc99', '#0c9', '#000000', '#fff', '#00cc99', '#fff', '#222', '#000', '#fff', '#fff', '#000000', '#fff', '#ff880e', '#fff', '#fff', '#222', '#222', '#111', '#000', '#fff', '#fc301e', '#00cc99', '#fff', '#ffffff', '#ffffff', '#ffffff', '#70c6eb', '#ffffff', '#3a4149', '#fc301e', '#272f43', '#272f43', '#272f43', '#f2184f', '#fff', '#00cc99', '#f2184f', '#fff', '#fff', '#272f43', '#d3d3d3', '#70c6eb', '#fff', '#111', '#000000', '#f6f6f6', '#fc301e', '#fff', '#e91327', '#70c6eb', '#70c6eb', '#528780', '#ffffff', '#333333', '#ffffff', '#e91327', '#e91327', '#ffffff', '#ffffff', '#000000', '#ef4023', '#fff', '#ef4023', '#fff', '#000000', '#222', '#eee', '#fff', '#e91327', '#ffffff', '#fff', '#e91327', '#000', '#000', '#0c9', '#fff', '#ffffff', '#e91327', '#70c6eb', '#3a4149', '#e91327', '#fff', '#e91327', '#f2f3f5', '#fff', '#000000', '#57cef8', '#ffffff', '#ffffff', '#ffffff', '#57cef8', '#ffffff', '#3a4149', '#ffffff', '#57cef8', '#ffffff', '#000000', '#fff', '#57cef8', '#f43866', '#f43866', '#000', '#f43866', '#57cef8', '#57cef8', '#3a4149', '#57cef8', '#fff', '#fff', '#fff', '#fff', '#fff', '#00bed3', '#f2f3f5', '#ffffff', '#fff', '#000000', '#57cef8', '#ffffff', '#ffffff', '#fff', '#f2184f', '#3a4149', '#3a4149', '#57cef8', '#333', '#f2184f', '#fff', '#111', '#262e41', '#333', '#e91327', '#e91327', '#ffffff', '#cccccc', '#222', '#ffffff', '#272f43', '#e91327', '#fff', '#e91327', '#999', '#e91327', '#ff880e', '#605f5f', '#000', '#cccac5', '#07528d', '#272f43', '#00cc99', '#00cc99', '#fff', '#fff', '#fff', '#000000', '#05cd9b', '#1f1f1f', '#fff', '#fff', '#262e41', '#fff', '#272f43', '#00cc99', '#fc301e', '#fff', '#0f1521', '#fff', '#fff', '#fc3726', '#d66c0b', '#fff', '#eee', '#150c03', '#fff', '#fff', '#ff880e', '#fff', '#fff', '#8d8d8c', '#f9f9f9', '#111', '#fff', '#000000', '#fff', '#000', '#fff', '#000', '#fff', '#ef4023', '#fff', '#050000', '#fff', '#000000', '#ddd', '#fff', '#6d7fcc', '#47748b', '#fff', '#222', '#fc301e', '#fff', '#fff', '#6d7fcc', '#6d7fcc', '#fff', '#7386D5', '#ef4023', '#fff', '#fc301e', '#fc3726'",21,,,,
2,4,4,"'Poppins', 'FontAwesome', 'FontAwesome', 'FontAwesome'","'#666666', '#a4c639', '#fff', '#fff', '#a4c639', '#fff', '#fff', '#fff', '#a4c639', '#1e1e1e', '#a4c639', '#666', '#a4c639', '#fff', '#fff', '#a4c639', '#fafafa', '#fafafa', '#fff', '#fafafa', '#fafafa', '#fff', '#000000', '#fff', '#fff', '#a4c639', '#a4c639', '#fff', '#fff', '#a4c639', '#FFF', '#FFF', '#a4c639', '#FFF', '#fff', '#000', '#a4c639', '#fff', '#f7f7f7', '#fff', '#fff', '#a4c639', '#fff', '#fafafa', '#a4c639', '#fff', '#f7f7f7', '#666', '#a4c639', '#f7f7f7', '#fff', '#1e1e1e', '#a4c639', '#eee', '#f7f7f7', '#a4c639', '#6a6a6a', '#6a6a6a', '#aaa', '#aaa', '#aaa', '#fff', '#fff', '#fff', '#a4c639', '#a4c639', '#fff', '#fff', '#a4c639', '#f7f7f7', '#232323', '#fff', '#fff', '#fff', '#fff', '#232323', '#a4c639', '#fff', '#a4c639', '#343434', '#343434', '#343434', '#343434', '#aaa', '#aaa', '#aaa', '#fff', '#a4c639', '#fff', '#a4c639', '#343434', '#fff', '#fff', '#fff', '#fff', '#f7f7f7', '#fff', '#a4c639', '#a4c639', '#121212', '#faf5b2', '#faf5b2', '#fff', '#1e1e1e', '#7a7a7a', '#f7f7f7', '#a4c639', '#a4c639', '#343434', '#fff', '#000000', '#eee'",22,,,,
2,4,4,"'Poppins', 'Roboto', 'FontAwesome'","'#0c0c0c', '#ffffff', '#050000', '#000000', '#ffffff', '#ffffff', '#ffffff', '#e93f1a', '#e93f1a', '#ffffff', '#e93f1a', '#e93f1a', '#ffffff', '#ffffff', '#e93f1a', '#e8e8e8', '#e93f1a', '#e93f1a', '#ffffff', '#e93f1a', '#e93f1a', '#e93f1a', '#e93f1a', '#e93f1a', '#ffffff', '#e93f1a', '#e93f1a', '#ffffff', '#1c1b2d', '#ffffff', '#ffffff', '#ffffff', '#ffffff', '#ffffff', '#e93f1a', '#ffffff', '#e93f1a', '#e93f1a', '#e93f1a', '#e93f1a', '#fff', '#e93f1a', '#000', '#1d1d1d', '#ffffff', '#ffffff'",23,,,,
2,3,4,'Poppins',"#0c0c0c', '#ffffff', '#d8bf36', '#041858', '#041858', '#ffffff', '#d8bf36', '#ffffff', '#ffffff', '#ffffff', '#3b3a3a', '#ffffff', '#d8bf36', '#ffffff', '#e0cd61', '#ffffff', '#000000', '#d8bf36', '#041858', '#d8bf36', '#ffffff', '#e0cd61', '#041858', '#ffffff', '#ffffff', '#d8bf36', '#ffffff', '#e0cd61', '#000000', '#000000', '#d8bf36', '#ffffff', '#e0cd61', '#041858', '#d8bf36', '#ffffff', '#e0cd61', '#d8bf36', '#041858', '#ffffff', '#ffffff', '#d8bf36', '#ffffff', '#e0cd61', '#ffffff', '#9c9c9c', '#9c9c9c', '#ffffff', '#9c9c9c', '#d8bf36', '#ffffff', '#ffffff', '#a6adc4', '#ffffff', '#9c9c9c', '#9c9c9c', '#9c9c9c', '#9c9c9c', '#d8bf36', '#ffffff', '#e0cd61', '#ffffff', '#ffffff'",24,,,,
2,4,4,'Montserrat',"'#101010', '#808080', '#fff', '#fff', '#fff', '#009988', '#202020', '#d54ab6', '#f2f2f2', '#ffa500', '#ffa500', '#d54ab6', '#fff', '#333', '#fff', '#fff', '#c14000', '#009988', '#ffa500', '#191919', '#303030', '#d54ab6', '#303030', '#202020', '#fff', '#404040', '#fff', '#fff', '#fff', '#1c1c1c', '#fff', '#fff', '#806040', '#fff', '#999', '#fff', '#303030', '#909090', '#d54ab6', '#fff'",25,,,,
2,4,4,Open Sans',"#ddd', '#333', '#666', '#09F', '#d4d4d4', '#999', '#999', '#ccc', '#999', '#000', '#09F', '#09F', '#c99', '#09F', '#09F', '#ccc', '#C99', '#C99', '#924141', '#ddd', '#C99', '#666', '#666', '#09F', '#3085a3', '#fff', '#4a3753', '#3496d8', '#09F', '#ffffff', '#3c4a50', '#3c4a50', '#09F', '#fff', '#09F', '#CCCDCE', '#09F', '#C99', '#a64b4b', '#666', '#666'",26,,,,
2,4,4,"'Poppins', 'FontAwesome'","#4a4a4a', '#eee', '#121212', '#f33f3f', '#fff', '#f33f3f', '#fff', '#121212', '#fff', '#eee', '#1e1e1e', '#f33f3f', '#fff', '#f33f3f', '#fff', '#fff', '#232323', '#000000', '#fff', '#f33f3f', '#fff', '#fff', '#f33f3f', '#fff', '#fff', '#f33f3f', '#f33f3f', '#fff', '#fff', '#fff', '#f33f3f', '#eee', '#1a6692', '#121212', '#f33f3f', '#f33f3f', '#eee', '#eee', '#1a6692', '#4a4a4a', '#4a4a4a', '#f33f3f', '#f33f3f', '#f7f7f7', '#1a6692', '#eee', '#f33f3f', '#eee', '#121212', '#f33f3f', '#eee', '#121212', '#f33f3f', '#f33f3f', '#fff', '#eee', '#f33f3f', '#fff', '#f33f3f', '#1a6692', '#f33f3f', '#f7f7f7', '#f33f3f', '#fff', '#fff', '#1a6692', '#eee', '#1a6692', '#eee', '#eee', '#eee', '#eee', '#f33f3f', '#fff', '#121212', '#fff', '#eee', '#eee', '#fff', '#000000', '#eee'",27,,,,
2,4,4,'Lato',"'#323232', '#666', '#666', '#474849', '#656667', '#474849', '#474849', '#06C', '#68696A', '#F2F2F2', '#399', '#2d827f', '#99C', '#6d71c6', '#51a2f1', '#6bb6ff', '#06C', '#666', '#666', '#06C', '#06C', '#666', '#06C', '#ddd', '#06C', '#CBCCCD', '#ABC', '#3085a3', '#fff', '#3085a3', '#fff', '#fff', '#fff', '#fff', '#d39e00', '#999a9b', '#06C', '#666', '#656667', '#656667'",28,,,,
2,4,4,Open Sans',"#666', '#666', '#0099FF', '#9C9D9E', '#333', '#9C9D9E', '#CCCDCE', '#CCCDCE', '#6A6B6C', '#0099FF', '#0099FF', '#0099FF', '#0099FF', '#0099FF', '#666', '#F2F2F2', '#EDEEEF', '#ffffff', '#000000', '#ABC', '#0099FF', '#0099FF', '#2f80d0', '#2f80d0', '#0099FF', '#2f80d0', '#fff', '#0099FF', '#3085a3', '#fff', '#fff', '#2e5d5a', '#000000', '#fff', '#666', '#0099FF'",29,,,,
2,4,4,"'Montserrat', 'Montserrat', 'FontAwesome'","'#fff', '#2a2a2a', '#fff', '#03a4ed', '#fff', '#03a4ed', '#fff', '#2a2a2a', '#8d99af', '#fff', '#2a2a2a', '#8d99af', '#fff', '#8d99af', '#fff', '#000000', '#fafafa', '#8d99af', '#fff', '#8d99af', '#fff', '#8d99af', '#fff', '#1e1e1e', '#000000', '#f7f7f7', '#eee', '#fff', '#1e1e1e', '#1e1e1e', '#1e1e1e', '#1e1e1e', '#1e1e1e', '#1e1e1e', '#1e1e1e', '#1e1e1e', '#8d99af', '#1e1e1e', '#f7f7f7', '#eee', '#fff', '#e7e7e7', '#3B566E', '#fff', '#fff', '#fff', '#8d99af', '#fff', '#2b2d42', '#fff', '#2a2a2a', '#8d99af', '#8d99af', '#2a2a2a', '#8d99af', '#fff', '#fff', '#8d99af', '#2b2d42', '#8d99af', '#fff', '#fff', '#8d99af', '#2b2d42', '#fff', '#fff', '#eee', '#f7f7f7', '#2a2a2a', '#8d99af', '#2a2a2a', '#8d99af', '#8d99af', '#2a2a2a', '#8d99af', '#eee', '#8d99af', '#2a2a2a', '#8d99af', '#8d99af', '#8d99af', '#8d99af', '#eee', '#f7f7f7', '#8d99af', '#8d99af', '#8d99af', '#8d99af', '#8d99af', '#8d99af', '#8d99af', '#8d99af', '#8d99af', '#fff', '#2b2d42', '#fff', '#2b2d42', '#fff', '#fff', '#fff', '#8d99af', '#fff', '#fff', '#fff', '#8d99af', '#2b2d42', '#2a2a2a', '#8d99af', '#fff', '#fff', '#8d99af', '#eee', '#eee', '#2b2d42', '#fff', '#8d99af', '#fff', '#8d99af', '#8d99af', '#fff', '#fff', '#8d99af', '#2b2d42', '#f7f7f7', '#2a2a2a', '#8d99af', '#2a2a2a', '#8d99af', '#8d99af', '#2a2a2a', '#8d99af', '#fff', '#fff', '#8d99af', '#8d99af', '#8d99af'",30,,,,
2,4,5,"'Poppins', 'Poppins', 'FontAwesome'","'#fff', '#212741', '#212741', '#fff', '#ff511a', '#fff', '#ff511a', '#fff', '#fff', '#43ba7f', '#fff', '#ff511a', '#ff511a', '#212741', '#212741', '#000000', '#fff', '#fff', '#fff', '#43ba7f', '#fff', '#ff511a', '#ff511a', '#fff', '#fff', '#000000', '#f7f7f7', '#eee', '#fff', '#fff', '#fff', '#fff', '#fff', '#fff', '#fff', '#fff', '#fff', '#ff511a', '#1e1e1e', '#f7f7f7', '#eee', '#fff', '#eee', '#3B566E', '#212741', '#fff', '#fff', '#fff', '#ff511a', '#000000', '#43ba7f', '#fff', '#43ba7f', '#ff511a', '#fff', '#212741', '#fff', '#000000', '#ff511a', '#fff', '#eee', '#212741', '#212741', '#fff', '#fff', '#798697', '#fff', '#fff', '#ff511a', '#fff', '#000000', '#43ba7f', '#fff', '#43ba7f', '#ffa88c', '#ff511a', '#212741', '#181d30', '#fff', '#ff511a', '#fff', '#fff', '#fff', '#000000', '#eee', '#212741', '#43ba7f', '#fff', '#000000', '#43ba7f', '#ecf8f2', '#43ba7f', '#ecf8f2', '#212741', '#212741', '#fff', '#000000', '#ff511a', '#fff', '#000000', '#212741', '#212741', '#fff', '#000000', '#43ba7f', '#212741', '#43ba7f', '#ff511a', '#f7f7f7', '#212741', '#f7f7f7', '#212741', '#212741', '#fff', '#ff511a', '#43ba7f', '#212741'",31,,,,
2,1,6,"Poppins', 'Poppins', 'Poppins'","'#1e1e1e', '#4a4a4a', '#7a6ad8', '#fff', '#7a6ad8', '#fff', '#7a6ad8', '#7a6ad8', '#fff', '#7a6ad8', '#7a6ad8', '#fff', '#000000', '#7a6ad8', '#7a6ad8', '#000000', '#fff', '#fafafa', '#ffffff', '#fff', '#fafafa', '#fff', '#fff', '#fff', '#ffffff', '#fff', '#ffffff', '#fff', '#fff', '#fff', '#fff', '#fff', '#fff', '#fff', '#f1f0fe', '#1e1e1e', '#f1f0fe', '#ddd', '#f1f0fe', '#eee', '#fff', '#7a6ad8', '#fff', '#fff', '#fff', '#7a6ad8', '#fff', '#7a6ad8', '#fff', '#fff', '#fff', '#ffffff', '#ffffff', '#7a6ad8', '#f1f0fe', '#4a4a4a', '#f1f0fe', '#7a6ad8', '#fff', '#7a6ad8', '#fff', '#7a6ad8', '#fff', '#4a4a4a', '#f1f0fe', '#1e1e1e', '#7a6ad8', '#7a6ad8', '#fafafa', '#7a6ad8', '#fff', '#f1f0fe', '#7a6ad8', '#7a6ad8', '#7a6ad8', '#fff', '#fff', '#f1f0fe', '#7a6ad8', '#fff', '#7a6ad8', '#7a6ad8', '#fff', '#f1f0fe', '#7a6ad8', '#fff', '#fff', '#fff', '#7a6ad8', '#fff', '#000000', '#000000', '#f1f0fe', '#7a6ad8', '#fff', '#4a4a4a', '#7a6ad8', '#7a6ad8', '#fff', '#f1f0fe', '#fff', '#7a6ad8', '#fff', '#4a4a4a', '#7a6ad8', '#7a6ad8', '#7a6ad8', '#fff', '#7a6ad8', '#f9ebff', '#fff', '#fff', '#f9ebff', '#fff', '#fff', '#fff', '#7a6ad8', '#5500e3', '#fff', '#fff', '#7a6ad8', '#fff', '#fff', '#7a6ad8', '#fff', '#ddd', '#f1f0fe'",32,,,,
2,4,4,"'Poppins', 'Poppins'","#1e1e1e', '#4a4a4a', '#0071f8', '#fff', '#0071f8', '#fff', '#0071f8', '#ee626b', '#ee626b', '#fff', '#0071f8', '#fff', '#000000', '#0071f8', '#0071f8', '#000000', '#fff', '#fafafa', '#fff', '#ee626b', '#ee626b', '#ffffff', '#fff', '#ffffff', '#fff', '#ffffff', '#fff', '#fff', '#fff', '#fff', '#fff', '#fff', '#fff', '#000000', '#fff', '#1e1e1e', '#fff', '#ddd', '#f1f0fe', '#eee', '#fff', '#fff', '#fff', '#fff', '#fff', '#7a7a7a', '#ee626b', '#fff', '#0071f8', '#008af8', '#fff', '#ee626b', '#fff', '#000000', '#fff', '#0071f8', '#ee626b', '#eeeeee', '#008af8', '#fff', '#7a7a7a', '#ee626b', '#fff', '#0071f8', '#0071f8', '#f7f7f7', '#fff', '#7a7a7a', '#ee626b', '#fff', '#0071f8', '#0071f8', '#0071f8', '#fff', '#f7f7f7', '#f7f7f7', '#fff', '#7a7a7a', '#ee626b', '#fff', '#0071f8', '#0071f8', '#fff', '#fff', '#fff', '#fff', '#fff', '#1e1e1e', '#eee', '#ee626b', '#fff', '#fff', '#ee626b', '#eeeeee', '#008af8', '#fff', '#7a7a7a', '#ee626b', '#fff', '#0071f8', '#0071f8', '#eee', '#1e1e1e', '#0071f8', '#fff', '#eee', '#0071f8', '#c8c8c8', '#f7f7f7', '#e7e7e7', '#ee626b', '#fff', '#0071f8', '#0071f8', '#aaa', '#f7f7f7', '#1e1e1e', '#d7d7d7', '#0071f8', '#f7f7f7', '#aaaaaa', '#4a4a4a', '#f7f7f7', '#e7e7e7', '#4a4a4a', '#f7f7f7', '#e7e7e7', '#4a4a4a', '#ee626b', '#fff', '#0071f8'",33,,,,
2,4,4,"Poppins', 'Poppins'","'#0c0c0c', '#ffffff', '#7335b7', '#7335b7', '#ffffff', '#ffffff', '#000000', '#ffffff', '#ffffff', '#ffffff', '#000000', '#f8842b', '#f8842b', '#ffffff', '#f8842b', '#ffffff', '#ffffff', '#5a2a8f', '#ffffff', '#5a2a8f', '#ffffff', '#ffffff', '#f8842b', '#000000', '#000000', '#faf8fd', '#ffffff', '#7335b7', '#7335b7', '#ffffff', '#7335b7', '#ffffff', '#7335b7', '#ffffff', '#f8842b', '#ffffff', '#f8842b', '#ffffff', '#ffffff', '#000000', '#000000', '#7335b7', '#7335b7', '#ffffff', '#7335b7', '#ffffff', '#7335b7', '#f8842b', '#000000', '#a5a5a5', '#1c1b1b', '#1c1b1b', '#1c1b1b', '#1c1b1b', '#7335b7', '#ffffff', '#7335b7', '#fff', '#ffffff', '#7335b7', '#ffffff', '#ffffff', '#f8842b', '#ffffff', '#f8842b', '#ffffff', '#f8842b', '#ffffff', '#ffffff', '#ffffff', '#ffffff', '#ffffff', '#ffffff', '#f8842b', '#ffffff', '#f8842b', '#ffffff'",34,,,,
2,5,5,"'Rajdhani', 'Poppins', 'Poppins', 'Baloo', 'Baloo'","'#666666', '#1f1f1f', '#111111', '#212121', '#222222', '#ddd', '#767676', '#ffffff', '#fff', '#fff', '#fec955', '#fec955', '#fff', '#fff', '#fff', '#ffca56', '#f6f6f6', '#ffca56', '#fff', '#ffca56', '#fff', '#02246a', '#0808ff', '#02246a', '#fff', '#fff', '#ffca56', '#02246a', '#fff', '#f6f6f6', '#02246a', '#02246a', '#fff', '#393838', '#fff', '#f8c659', '#48ca95', '#fff', '#2a2b2b', '#02246a', '#393838', '#fff', '#fff', '#02246a', '#2a2b2b', '#fff', '#02246a', '#030305', '#ffca56', '#222221', '#02246a', '#dfdfdf', '#dfdfdf', '#ffca56', '#fff', '#02246a', '#fff', '#dfdfdf', '#02246a', '#fff', '#fff', '#02246a', '#fff', '#fec955', '#fff', '#fff', '#fff', '#ffca56', '#fff', '#fffffff2', '#ccc8c8', '#ffca56', '#fff', '#000', '#fff', '#ddd', '#ddd', '#ffca56', '#02246a', '#f8c659', '#02246a', '#02246a'",35,,,,
3,5,5,"Righteous', 'Rajdhani', 'Poppins', 'Poppins', 'Righteous'","#666666', '#1f1f1f', '#111111', '#212121', '#222222', '#ddd', '#767676', '#ffffff', '#fff', '#fff', '#fff', '#fff', '#ffffff', '#ffffff', '#2b2278', '#ffffff', '#ffffff', '#141414', '#ffffff', '#2b2278', '#ffffff', '#1f1f1f', '#1f1f1f', '#ffffff', '#2b2278', '#ffffff', '#000d10', '#ffffff', '#000d10', '#1f1f1f', '#1f1f1f', '#ffffff', '#000d10', '#ffffff', '#2b2278', '#ffffff', '#ffffff', '#ffffff', '#131313', '#ffffff', '#0d0d0d', '#0d0d0d', '#012628', '#085a57', '#8781bd', '#2b2278', '#1f1f1f', '#1f1f1f', '#ffffff', '#000d10', '#2b2278', '#ffffff', '#6e6e6e', '#1f1f1f', '#ffffff', '#2b2278', '#000d10', '#ffffff', '#363636', '#393838', '#393838', '#ffffff', '#000d10', '#ffffff', '#2b2278', '#ffffff', '#2b2c2c', '#ffffff', '#2b2278', '#000', '#ffffff', '#ffffff', '#e27141', '#122c2d', '#ffffff', '#ffffff', '#e27141'",36,,,,
3,5,5,"Rajdhani', 'Poppins', 'poppins', 'FontAwesome', 'FontAwesome', 'Roboto', 'FontAwesome'","#666666', '#1f1f1f', '#111111', '#212121', '#222222', '#ddd', '#767676', '#ffffff', '#f9f9f9', '#38c8a8', '#114c7d', '#38c8a8', '#fff', '#fff', '#000000', '#114c7d', '#38c8a8', '#000', '#fff', '#fff', '#ad2101', '#fff', '#fff', '#fff', '#38c8a8', '#fff', '#ad2100', '#fff', '#fff', '#fff', '#fff', '#fff', '#b23011', '#b23011', '#fff', '#ccc', '#fff', '#fff', '#fff', '#111111', '#999', '#ffffff', '#38c8a8', '#ffffff', '#38c8a8', '#000000', '#000000', '#ffffff', '#111111', '#38c8a8', '#111111', '#ffffff', '#ffffff', '#111111', '#38c8a8', '#ffffff', '#c8c8c8', '#ffffff', '#111111', '#ffffff', '#ffffff', '#000000', '#000000', '#e0e7ed', '#fff', '#38c8a8', '#111111', '#ffffff', '#38c8a8', '#000000', '#000000', '#38c8a8', '#ffffff', '#ffffff', '#38c8a8', '#38c8a8', '#ffffff', '#38c8a8', '#38c8a8', '#38c8a8', '#ffffff', '#111111', '#38c8a8', '#38c8a8', '#ffffff', '#e0e7ed', '#111111', '#38c8a8', '#111111', '#ffffff', '#ffffff', '#38c8a8', '#616361', '#ffffff', '#114c7d', '#111111', '#fff', '#000000', '#000000', '#000000', '#fff', '#fff', '#ffffff', '#111111', '#ffffff', '#000000', '#111111', '#38c8a8', '#114c7d', '#000000', '#000000', '#333', '#ffffff', '#ffffff', '#242424', '#fff', '#38c8a8', '#ffffff', '#38c8a8', '#ffffff', '#ffffff', '#ffffff', '#111111', '#38c8a8', '#38c8a8', '#ffffff', '#38c8a8', '#fff', '#e12d4f', '#e12d4f', '#fff', '#fff', '#114c7d', '#fff', '#110707', '#ad2100', '#262424', '#fff', '#080404', '#ad2100', '#fff', '#3e3c3c', '#000', '#fff', '#ad2100', '#fff', '#000', '#fff', '#100505', '#fff', '#fff', '#ad2100', '#fff', '#fff', '#080404', '#ad2100', '#8f8f8f', '#000000', '#080404', '#060402', '#fff', '#818080', '#fff', '#100b0b', '#cfcece', '#000000', '#fff', '#ff0000', '#fff', '#fff', '#fff', '#fff', '#ff0000', '#ff0000', '#fff', '#2b2a2a', '#fff', '#fff', '#fff', '#f00', '#fff', '#ad2100', '#fff', '#ad2100', '#fff', '#ad2100', '#fff', '#ad2100', '#fff', '#ad2100', '#fff', '#fffdfd', '#000', '#110d0c', '#fff'",37,,,,
3,5,5,'Poppins',"#0c0c0c', '#ffffff', '#eae6f5', '#000000', '#4b208c', '#ffffff', '#4b208c', '#190734', '#3b3a3a', '#000000', '#4b208c', '#ffffff', '#5625a1', '#7b57b2', '#ffffff', '#4b208c', '#000000', '#000000', '#2e0e5f', '#512a97', '#4b208c', '#ffffff', '#5625a1', '#f3f0f6', '#7b57b2', '#4b208c', '#ffffff', '#5625a1', '#ffffff', '#ffffff', '#000000', '#000000', '#101010', '#000000', '#000000', '#737272', '#737272', '#737272', '#737272', '#4b208c', '#ffffff', '#5625a1', '#190734', '#ffffff', '#ffffff', '#ffffff', '#000000', '#ffffff', '#ffffff', '#ffffff', '#ffffff', '#4b208c', '#ffffff', '#5625a1', '#222222', '#222222'",38,,,,
3,5,5,"Poppins', 'Open Sans'","#000000', '#ffffff', '#fec016', '#b5caee', '#ffffff', '#ffffff', '#ffffff', '#ffffff', '#ffffff', '#ffffff', '#000000', '#ffffff', '#ffffff', '#353434', '#fec016', '#353434', '#353434', '#ffffff', '#353434', '#fec016', '#cdcbcd', '#000000', '#000000', '#000000', '#000000', '#ffffff', '#000000', '#000000', '#000000', '#000000', '#000000', '#fec913', '#fff', '#232323', '#ffffff', '#ffffff', '#fbca47', '#fbca47', '#ffffff', '#fbca47', '#232323', '#fbfcfd', '#ffffff', '#fbfcfd'",39,,,,
3,1,5,"sansserif', 'Poppins', 'SFMonoRegular', 'inherit', 'Poppins', 'Poppins', 'SFMonoRegular'","#007bff', '#6610f2', '#6f42c1', '#e83e8c', '#eb4d4b', '#fd7e14', '#EE5A24', '#6ab04c', '#00cec9', '#1289A7', '#fff', '#6c757d', '#1b1b1b', '#ff6e42', '#6c757d', '#6ab04c', '#1289A7', '#EE5A24', '#eb4d4b', '#f8f9fa', '#1b1b1b', '#000000', '#444', '#fff', '#ff6e42', '#f53900', '#6c757d', '#000000', '#fcf8e3', '#6c757d', '#fff', '#dee2e6', '#6c757d', '#e83e8c', '#fff', '#1b1b1b', '#1b1b1b', '#444', '#dee2e6', '#dee2e6', '#dee2e6', '#dee2e6', '#dee2e6', '#000000', '#444', '#000000', '#ffd6ca', '#ffb49d', '#ffc2b1', '#ffc2b1', '#d6d8db', '#b3b7bb', '#c8cbcf', '#c8cbcf', '#d5e9cd', '#b2d6a2', '#c6e1bb', '#c6e1bb', '#bddee6', '#84c2d1', '#abd5df', '#abd5df', '#fad1c2', '#f6a98d', '#f8bfaa', '#f8bfaa', '#f9cdcd', '#f5a2a1', '#f6b6b6', '#f6b6b6', '#fdfdfe', '#fbfcfc', '#ececf6', '#ececf6', '#bfbfbf', '#888888', '#b2b2b2', '#b2b2b2', '#000000', '#000000', '#000000', '#fff', '#343a40', '#454d55', '#495057', '#e9ecef', '#dee2e6', '#fff', '#343a40', '#454d55', '#ffffff', '#fff', '#ffffff', '#495057', '#ced4da', '#495057', '#ffd0c2', '#6c757d', '#6c757d', '#6c757d', '#6c757d', '#6c757d', '#e9ecef', '#495057', '#444', '#6c757d', '#6ab04c', '#fff', '#6ab04c', '#6ab04c', '#6ab04c', '#6ab04c', '#6ab04c', '#6ab04c', '#6ab04c', '#6ab04c', '#6ab04c', '#6ab04c', '#87c16e', '#87c16e', '#6ab04c', '#6ab04c', '#6ab04c', '#6ab04c', '#6ab04c', '#eb4d4b', '#fff', '#eb4d4b', '#eb4d4b', '#eb4d4b', '#eb4d4b', '#eb4d4b', '#eb4d4b', '#eb4d4b', '#eb4d4b', '#eb4d4b', '#eb4d4b', '#f07a79', '#f07a79', '#eb4d4b', '#eb4d4b', '#eb4d4b', '#eb4d4b', '#eb4d4b', '#444', '#444', '#ff6e42', '#fff', '#ff6e42', '#ff6e42', '#fff', '#ff511c', '#ff470f', '#ff845e', '#fff', '#ff6e42', '#ff6e42', '#fff', '#ff470f', '#ff3d02', '#ff845e', '#fff', '#6c757d', '#6c757d', '#fff', '#5a6268', '#545b62', '#828a91', '#fff', '#6c757d', '#6c757d', '#fff', '#545b62', '#4e555b', '#828a91', '#fff', '#6ab04c', '#6ab04c', '#fff', '#5a9540', '#558c3d', '#80bc67', '#fff', '#6ab04c', '#6ab04c', '#fff', '#558c3d', '#4f8339', '#80bc67', '#fff', '#1289A7', '#1289A7', '#fff', '#0e6d84', '#0d6379', '#369bb4', '#fff', '#1289A7', '#1289A7', '#fff', '#0d6379', '#0c5a6d', '#369bb4', '#fff', '#EE5A24', '#EE5A24', '#fff', '#db4711', '#cf4310', '#f17345', '#fff', '#EE5A24', '#EE5A24', '#fff', '#cf4310', '#c33f0f', '#f17345', '#fff', '#eb4d4b', '#eb4d4b', '#fff', '#e72b29', '#e6201d', '#ee6866', '#fff', '#eb4d4b', '#eb4d4b', '#fff', '#e6201d', '#de1b19', '#ee6866', '#1b1b1b', '#f8f9fa', '#f8f9fa', '#1b1b1b', '#e2e6ea', '#dae0e5', '#d7d8d9', '#1b1b1b', '#f8f9fa', '#f8f9fa', '#1b1b1b', '#dae0e5', '#d3d9df', '#d7d8d9', '#fff', '#1b1b1b', '#1b1b1b', '#fff', '#080808', '#020202', '#3d3d3d', '#fff', '#1b1b1b', '#1b1b1b', '#fff', '#020202', '#3d3d3d', '#ff6e42', '#ff6e42', '#fff', '#ff6e42', '#ff6e42', '#ff6e42', '#ff6e42', '#fff', '#ff6e42', '#ff6e42', '#ff6e42', '#6c757d', '#6c757d', '#fff', '#6c757d', '#6c757d', '#6c757d', '#6c757d', '#fff', '#6c757d', '#6c757d', '#6c757d', '#6ab04c', '#6ab04c', '#fff', '#6ab04c', '#6ab04c', '#6ab04c', '#6ab04c', '#fff', '#6ab04c', '#6ab04c', '#6ab04c', '#1289A7', '#1289A7', '#fff', '#1289A7', '#1289A7', '#1289a7', '#1289A7', '#fff', '#1289A7', '#1289A7', '#1289a7', '#EE5A24', '#EE5A24', '#fff', '#EE5A24', '#EE5A24', '#ee5a24', '#EE5A24', '#fff', '#EE5A24', '#EE5A24', '#ee5a24', '#eb4d4b', '#eb4d4b', '#fff', '#eb4d4b', '#eb4d4b', '#eb4d4b', '#eb4d4b', '#fff', '#eb4d4b', '#eb4d4b', '#eb4d4b', '#f8f9fa', '#f8f9fa', '#1b1b1b', '#f8f9fa', '#f8f9fa', '#f8f9fa', '#f8f9fa', '#1b1b1b', '#f8f9fa', '#f8f9fa', '#f8f9fa', '#1b1b1b', '#1b1b1b', '#fff', '#1b1b1b', '#1b1b1b', '#1b1b1b', '#1b1b1b', '#fff', '#1b1b1b', '#1b1b1b', '#1b1b1b', '#ff6e42', '#f53900', '#6c757d', '#444', '#fff', '#000000', '#e9ecef', '#1b1b1b', '#0e0e0e', '#f8f9fa', '#fff', '#ff6e42', '#6c757d', '#6c757d', '#1b1b1b', '#495057', '#e9ecef', '#ced4da', '#fff', '#ff6e42', '#ff6e42', '#ffd0c2', '#fff', '#fff7f5', '#fff7f5', '#6c757d', '#e9ecef', '#ff6e42', '#ff6e42', '#ff6e42', '#ff6e42', '#ff6e42', '#adb5bd', '#ff6e42', '#495057', '#ced4da', '#ffd0c2', '#ff6e42', '#495057', '#6c757d', '#e9ecef', '#ffd0c2', '#e9ecef', '#495057', '#ced4da', '#495057', '#e9ecef', '#ff6e42', '#fff7f5', '#dee2e6', '#ff6e42', '#fff7f5', '#dee2e6', '#ff6e42', '#fff7f5', '#dee2e6', '#dee2e6', '#adb5bd', '#adb5bd', '#adb5bd', '#6c757d', '#dee2e6', '#dee2e6', '#6c757d', '#495057', '#fff', '#fff', '#fff', '#ff6e42', '#000000', '#000000', '#000000', '#000000', '#000000', '#000000', '#000000', '#000000', '#000000', '#000000', '#000000', '#000000', '#fff', '#fff', '#ffffff', '#ffffff', '#ffffff', '#fff', '#ffffff', '#ffffff', '#ffffff', '#ffffff', '#fff', '#fff', '#fff', '#000000', '#000000', '#000000', '#000000', '#000000', '#1b1b1b', '#495057', '#343a40', '#fff', '#f53900', '#ff6e42', '#ff6e42', '#fff', '#ff6e42', '#ff6e42', '#6c757d', '#fff', '#dee2e6', '#fff', '#ff6e42', '#fff', '#ff470f', '#ff6e42', '#fff', '#6c757d', '#fff', '#545b62', '#6c757d', '#fff', '#6ab04c', '#fff', '#558c3d', '#6ab04c', '#fff', '#1289A7', '#fff', '#0d6379', '#1289a7', '#fff', '#EE5A24', '#fff', '#cf4310', '#ee5a24', '#fff', '#eb4d4b', '#fff', '#e6201d', '#eb4d4b', '#1b1b1b', '#f8f9fa', '#1b1b1b', '#dae0e5', '#f8f9fa', '#fff', '#1b1b1b', '#fff', '#020202', '#1b1b1b', '#e9ecef', '#853922', '#ffe2d9', '#ffd6ca', '#ffc2b1', '#5c2818', '#383d41', '#e2e3e5', '#d6d8db', '#c8cbcf', '#202326', '#375c28', '#e1efdb', '#d5e9cd', '#c6e1bb', '#223819', '#094757', '#d0e7ed', '#bddee6', '#abd5df', '#042129', '#7c2f13', '#fcded3', '#fad1c2', '#f8bfaa', '#501e0c', '#7a2827', '#fbdbdb', '#f9cdcd', '#f6b6b6', '#531b1b', '#818182', '#fefefe', '#fdfdfe', '#ececf6', '#686868', '#0e0e0e', '#d1d1d1', '#bfbfbf', '#b2b2b2', '#e9ecef', '#fff', '#ff6e42', '#ffffff', '#ffffff', '#495057', '#495057', '#f8f9fa', '#444', '#e9ecef', '#fff', '#000000', '#6c757d', '#fff', '#fff', '#ff6e42', '#ff6e42', '#853922', '#ffd6ca', '#853922', '#ffc2b1', '#fff', '#853922', '#853922', '#383d41', '#d6d8db', '#383d41', '#c8cbcf', '#fff', '#383d41', '#383d41', '#375c28', '#d5e9cd', '#375c28', '#c6e1bb', '#fff', '#375c28', '#375c28', '#094757', '#bddee6', '#094757', '#abd5df', '#fff', '#094757', '#094757', '#7c2f13', '#fad1c2', '#7c2f13', '#f8bfaa', '#fff', '#7c2f13', '#7c2f13', '#7a2827', '#f9cdcd', '#7a2827', '#f6b6b6', '#fff', '#7a2827', '#7a2827', '#818182', '#fdfdfe', '#818182', '#ececf6', '#fff', '#818182', '#818182', '#0e0e0e', '#bfbfbf', '#0e0e0e', '#b2b2b2', '#fff', '#0e0e0e', '#0e0e0e', '#000', '#fff', '#000', '#ffffff', '#000000', '#000000', '#6c757d', '#ffffff', '#000000', '#fff', '#000000', '#000', '#dee2e6', '#dee2e6', '#000', '#000', '#000', '#000', '#fff', '#000', '#fff', '#000000', '#000000', '#fff', '#000000', '#fff', '#000000', '#fff', '#f7f7f7', '#000000', '#fff', '#f7f7f7', '#ebebeb', '#444', '#fff', '#fff', '#fff', '#fff', '#000000', '#000000', '#000000', '#000000', '#000000', '#ffffff', '#adb5bd', '#000', '#dee2e6', '#dee2e6', '#dee2e6', '#f8f9fa', '#6c757d', '#fff', '#ffffff', '#ffffff', '#fff', '#1b1b1b', '#495057', '#ffffff', '#dee2e6', '#f8f9fa', '#6c757d', '#ff6e42', '#fff', '#fff', '#fff', '#1b1b1b', '#fff', '#fff', '#fff', '#dee2e6', '#444', '#000', '#adb5bd', '#444', '#fff', '#ff5a29', '#ff6e42', '#dee2e6', '#f2f4f6', '#dee2e6', '#343a40', '#6c757d', '#6c757d', '#ff6e42', '#ff6e42', '#fff', '#000000', '#fff', '#fff', '#f5f8fc', '#444', '#ffbca8', '#f5f8fc', '#ffffff', '#fff', '#000000', '#dee2e6', '#444', '#ff6e42', '#fff', '#ff6e42', '#fff'",40,,,,
3,5,5,"Rajdhani', 'Poppins', 'Poppins', 'Raleway', 'Raleway', 'Raleway', 'Raleway', 'Raleway', 'Raleway', 'Raleway', 'Raleway', 'Open Sans', 'Open San', 'Open San'","#666666', '#1f1f1f', '#111111', '#212121', '#222222', '#ddd', '#767676', '#ffffff', '#fff', '#161825', '#fff', '#fff', '#fe9901', '#161825', '#fff', '#fe9901', '#fff', '#161825', '#161825', '#fe9901', '#fff', '#fe9901', '#fff', '#161825', '#161825', '#fff', '#fff', '#fc9701', '#1b1b1a', '#161825', '#fff', '#fd9801', '#fff', '#1c1c1c', '#0a0a0a', '#1b1b1a', '#fff', '#f4a111', '#fff', '#fff', '#030303', '#090a0b', '#f89501', '#fff', '#fff', '#fff', '#fffffff2', '#1b1a1a', '#fff', '#1b1a1a', '#252525', '#fff', '#fe9901', '#fff', '#141414', '#fe9901', '#fff', '#141414', '#fff', '#fff', '#030303', '#fe9901', '#fff', '#fe9901', '#fff', '#fff', '#1b1b1a', '#fff', '#fff', '#030303', '#fff', '#dadada', '#161617', '#fff', '#dadada', '#161617', '#1b1b1a', '#fff', '#fe9901', '#fff', '#dadada', '#161825', '#fff', '#fff', '#151515', '#151515', '#fff', '#161617', '#252525', '#fff', '#fe9901', '#fff', '#000', '#161825', '#fff', '#fff', '#fff', '#ff0909', '#fff', '#f4a111', '#fff', '#fff', '#f4a111', '#fff', '#fff', '#fff', '#fff', '#f4a111', '#c97a05', '#fff'",41,,,,
3,1,6,"Open Sans', 'Droid'","'#777777', '#444444', '#e3722e', '#e3722e', '#010101', '#010101', '#010101', '#444444', '#777777', '#e3722e', '#e3722e', '#e3722e', '#d1601c', '#444444', '#e3722e', '#e3722e', '#444444', '#e3722e', '#3d3f3f', '#e3722e', '#e6e6e6', '#e3722e', '#000000', '#ffffff', '#ffffff', '#d6d6d6', '#e3722e', '#9d9d9d', '#cccccc', '#777777', '#d6d6d6', '#e3722e', '#444444', '#e3722e'",42,,,,
3,1,5,"inherit', 'Arial'","#8c806e', '#F06', '#333333', '#333333', '#333333', '#333333', '#fffc1c1c1333', '#c1c1c1', '#fff', '#000000', '#fff', '#ff9000', '#000000', '#fff', '#ff9000', '#38577a', '#38577a', '#38577a', '#fffff9408', '#e3860e', '#fff', '#ff9000', '#fff', '#fffb0bdc8', '#ff9000fffff9000', '#000000', '#fff', '#ffffff', '#ff9000fffff9000', '#fff', '#ff9000', '#f9fafb', '#f9fafb', '#000', '#979797', '#ff9408', '#989898d5d5d5', '#ff9408ff9408fff', '#ecececfff', '#ecececfff', '#000', '#ff9000', '#979797', '#08c2ff', '#fff', '#d8dfe5', '#ff9408', '#000000', '#03a4df', '#fff', '#000000', '#ffab3f', '#fff', '#000000', '#ae382d', '#fff', '#000000', '#5e5f61', '#fff', '#ececec', '#000', '#8f8f8f', '#ff9408', '#fff', '#ff9408', '#2d2d2d', '#2d2d2d', '#ff9408', '#979797', '#fff2d2d2d', '#2d2d2d', '#fff', '#fff', '#ff9408fff', '#fff', '#ff9408fff', '#fff', '#ebebeb', '#ff9408', '#242424', '#242424242424242424', '#979797242424242424242424', '#242424', '#979797242424242424242424242424', '#e9eceee2850a242424242424242424242424', '#2d2d2dfff', '#f88e04', '#ebedf1', '#ebedf1', '#f88e04', '#000000', '#a9abad', '#a9abad', '#fff', '#3498db', '#e74c3c', '#f9c922', '#222222'",43,,,,
3,1,5, 'Poppins',"'#ffffff', '#292929', '#393939', '#505050', '#696969', '#757575', '#252525', '#ce3232', '#d9d9d9', '#ce3232', '#ffffff', '#00F260', '#393939', '#00F260', '#ffffff', '#575757', '#ffffff', '#ffffff', '#ffffff', '#000000', '#ffffff', '#ffffff', '#ce3232', '#ce3232', '#252525', '#ffffff', '#000000', '#000000', '#000000', '#252525', '#575757', '#ffffff', '#ffffff', '#f9f9f9', '#f9f9f9', '#ce3232', '#ffffff', '#f9f9f9', '#ffffff', '#1f1f1f', '#ce3232', '#ffffff', '#d9d9d9', '#f0f0f0', '#ffffff', '#ffffff', '#ffffff', '#000000', '#000000', '#000000', '#ce3232', '#f0f0f0', '#393939', '#00F260', '#ffffff', '#3b5998', '#1da1f2', '#dd4b39', '#f9f9f9', '#2b2b2b', '#00F260', '#ffffff', '#141414', '#141414', '#ce3232', '#ffffff', '#000000', '#ffffff', '#d9d9d9', '#ffffff', '#d9d9d9', '#ce3232', '#000000', '#d9d9d9', '#999', '#ffffff', '#999999', '#ffffff', '#ce3232', '#595959', '#ffffff', '#ce3232', '#ffffff', '#ffffff', '#000000', '#000000', '#000000', '#252525', '#575757'",44,,,,
3,1,5,'Montserrat',"'#ffffff', '#252525', '#353535', '#454545', '#757575', '#252525', '#ce3232', '#000000', '#bfbdbd', '#000000', '#ce3232', '#f9f9f9', '#ffffff', '#575757', '#ffffff', '#ffffff', '#ce3232', '#ffffff', '#292929', '#ffffff', '#ffffff', '#ffffff', '#ffffff', '#ce3232', '#ce3232', '#252525', '#ffffff', '#000000', '#000000', '#000000', '#454545', '#575757', '#ffffff', '#ffffff', '#f9f9f9', '#d9d9d9', '#ffffff', '#141414', '#fff', '#292929', '#ffffff', '#ffffff', '#ce3232', '#ffffff', '#f9f9f9', '#1c1c1c', '#292929', '#d9d9d9', '#ffffff', '#bfbdbd', '#ffffff', '#d9d9d9', '#000000', '#ffffff', '#d9d9d9', '#b2b2b2', '#dddddd', '#c9c9c9', '#ce3232', '#ffffff', '#292929', '#ffffff', '#000000', '#909090', '#d9d9d9', '#ce3232', '#1d1d1d', '#ffffff', '#d9d9d9', '#f9f9f9', '#ce3232', '#ce3232', '#ffffff', '#ffffff', '#000000', '#000000', '#000000', '#252525', '#575757'",45,,,,
3,1,5,"'Poppins', 'Poppins', 'FontAwesome'","'#fff', '#888', '#fff', '#f1556a', '#fff', '#f1556a', '#fff', '#fba70b', '#fff', '#f1556a', '#f4813f', '#fff', '#f1556a', '#f4813f', '#fff', '#f1556a', '#1e1e1e', '#f4813f', '#888', '#fff', '#000000', '#191a20', '#fff', '#7a7a7a', '#fba70b', '#7a7a7a', '#000000', '#fff', '#f5f5f5', '#fba70b', '#fff', '#1e1e1e', '#1e1e1e', '#1e1e1e', '#1e1e1e', '#1e1e1e', '#1e1e1e', '#1e1e1e', '#1e1e1e', '#fba70b', '#f7f7f7', '#eee', '#fff', '#eee', '#3B566E', '#191a20', '#fba70b', '#7a7a7a', '#000000', '#fdefe9', '#1e1e1e', '#1e1e1e', '#f4813f', '#fff', '#fff', '#fff', '#fff', '#fff', '#f4813f', '#fff', '#f4813f', '#fff', '#000000', '#777', '#eee', '#f7f7f7', '#7a7a7a', '#7a7a7a', '#7a7a7a', '#fff', '#fba70b', '#FFF', '#FFF', '#FC3', '#fff', '#fff', '#fba70b', '#fba70b', '#fff', '#4a4a4a', '#fafafa', '#FFF', '#FC3', '#fff', '#fff', '#fff'",46,,,,
3,5,5,"'Raleway', 'Raleway', 'FontAwesome', 'FontAwesome', 'FontAwesome'","'#fff', '#777', '#fff', '#5fb759', '#fff', '#5fb759', '#fff', '#fff', '#fff', '#fff', '#5fb759', '#fff', '#5fb759', '#fff', '#5fb759', '#5fb759', '#fff', '#fff', '#5fb759', '#fff', '#5fb759', '#5fb759', '#fff', '#1e1e1e', '#5fb759', '#fff', '#000000', '#fff', '#fff', '#5fb759', '#fff', '#7a7a7a', '#fff', '#fff', '#7a7a7a', '#000000', '#fff', '#f5f5f5', '#fff', '#1e1e1e', '#1e1e1e', '#1e1e1e', '#1e1e1e', '#1e1e1e', '#1e1e1e', '#1e1e1e', '#1e1e1e', '#5fb759', '#1e1e1e', '#f7f7f7', '#eee', '#fff', '#eee', '#3B566E', '#000', '#FFF', '#FFF', '#5fb759', '#fff', '#000000', '#FFF', '#FFF', '#000', '#f7f7f7', '#5fb759', '#777', '#fff', '#fff', '#fff', '#fff', '#fff', '#fff', '#fff', '#fff', '#fff', '#fff', '#000000', '#fff', '#5fb759', '#fff', '#5fb759', '#fff', '#5fb759', '#7a7a7a', '#ddd', '#fff', '#7a7a7a', '#7a7a7a', '#7a7a7a', '#339b9e', '#fff', '#fff', '#fff', '#fff', '#5fb759', '#5fb759', '#fff', '#fff', '#fff', '#000000', '#000000', '#fff', '#5fb759', '#fff', '#5fb759', '#9a9a9a', '#5fb759', '#000000', '#5fb759'",47,,,,
3,1,5,"'Montserrat', 'FontAwesome', 'Arial'","'#3CF', '#FC3', '#fafafa', '#fff', '#fafafa', '#f5a425', '#fff', '#fff', '#fafafa', '#162239', '#fafafa', '#fff', '#f5a425', '#162239', '#fff', '#f5a425', '#fff', '#18233a', '#121b2f', '#f5a425', '#f5a425', '#fafafa', '#162239', '#fff', '#fff', '#f5a425', '#0c1228', '#fff', '#f5a425', '#000000', '#fff', '#fff', '#fff', '#fafafa', '#fff', '#172238', '#fff', '#fff', '#f5a425', '#f5a425', '#f5a425', '#fff', '#fff', '#172238', '#fff', '#f5a425', '#fff', '#fafafa', '#f5a425', '#fff', '#fafafa', '#fafafa', '#fafafa', '#fff', '#fff', '#fafafa', '#fff', '#fff', '#f5a425', '#fff', '#172238', '#fff', '#1e1e1e', '#f5a425', '#f5a425', '#7a7a7a', '#fff', '#f5a425', '#172238', '#fff', '#fff', '#f5a425', '#f5a425', '#fff', '#f5a425', '#fafafa', '#0b0b0b', '#CCC', '#CCC', '#FFF', '#FFF', '#333', '#FFF', '#CCC', '#FFF', '#3F3F3F', '#FFF', '#3F3F3F', '#000000', '#000', '#000000', '#444', '#BDBDBD', '#F3F3F3', '#000000', '#000000', '#172238', '#fafafa', '#fafafa', '#fff', '#fafafa', '#fff', '#fff', '#fafafa', '#fff', '#fff', '#fff', '#fff', '#f5a425', '#fff', '#152036', '#fff', '#f5a425', '#0c1228', '#fafafa'",48,,,,
3,5,5,"Open Sans', 'Open Sans', 'Open Sans', 'Open Sans'","'#6266ea', '#fff', '#000000', '#000', '#000', '#ffffff', '#7276ec', '#b1b3f5', '#efeffd', '#efeffd', '#efeffd'",49,,,,
3,5,5,Poppins',"'#7a7a7a', '#ffffff', '#ff565b', '#2a2a2a', '#ffffff', '#ff565b', '#2a2a2a', '#ff565b', '#ffffff', '#ffffff', '#ff565b', '#2a2a2a', '#ff565b', '#ff565b', '#2a2a2a', '#ff565b', '#2a2a2a', '#2a2a2a', '#000000', '#000000', '#fafafa', '#ffffff', '#ff565b', '#ff565b', '#ffffff', '#ff565b', '#fff', '#333', '#ffffff', '#ffffff', '#ff565b', '#ffffff', '#000000', '#000000', '#eeeeee', '#2a2a2a', '#eeeeee', '#7a7a7a', '#2a2a2a', '#ff565b', '#7a7a7a', '#ff565b', '#ffffff', '#ffffff', '#ffffff', '#eeeeee', '#eeeeee', '#2a2a2a', '#7a7a7a', '#ff565b', '#7a7a7a', '#ff565b', '#eeeeee', '#7a7a7a', '#ff565b', '#ff565b', '#ff565b', '#7a7a7a', '#ff565b', '#333', '#ffffff', '#ff565b', '#ffffff', '#ffffff', '#000000', '#000000', '#ff565b', '#2a2a2a', '#2a2a2a', '#eeeeee', '#2a2a2a', '#2a2a2a', '#2a2a2a', '#eeeeee', '#000000', '#000000', '#ffffff', '#ff565b', '#2a2a2a', '#7a7a7a', '#f6c5c6', '#f6c5c6', '#7a7a7a', '#ff565b', '#2a2a2a', '#ffffff', '#2a2a2a', '#fafafa', '#000000', '#000000', '#fafafa', '#2a2a2a', '#7a7a7a', '#2a2a2a', '#eeeeee', '#eeeeee', '#2a2a2a', '#ff565b', '#7a7a7a', '#2a2a2a', '#ff565b', '#7a7a7a', '#ff565b', '#ffffff', '#ff565b', '#ffffff', '#ffffff', '#ffffff', '#000000', '#000000', '#eeeeee', '#eeeeee', '#eeeeee', '#ff565b', '#ffffff', '#ffffff', '#ffffff'",50,,,,
3,5,5,"'Roboto', 'Roboto'","'#1e1e1e', '#fff', '#fff', '#fff', '#7453fc', '#fff', '#7453fc', '#fff', '#fff', '#7453fc', '#fff', '#7453fc', '#fff', '#fff', '#7453fc', '#7453fc', '#fff', '#fff', '#7453fc', '#fff', '#7453fc', '#fff', '#7453fc', '#000000', '#7453fc', '#7453fc', '#000000', '#fff', '#2a2a2a', '#fff', '#7453fc', '#fff', '#7453fc', '#7453fc', '#7453fc', '#7453fc', '#7453fc', '#7453fc', '#7453fc', '#7453fc', '#fff', '#f7f7f7', '#eee', '#fff', '#eee', '#3B566E', '#2a2a2a', '#fff', '#7453fc', '#fff', '#282b2f', '#404245', '#fff', '#fff', '#7453fc', '#7453fc', '#fff', '#282b2f', '#404245', '#ffffff', '#fff', '#fff', '#fff', '#7453fc', '#7453fc', '#fff', '#fff', '#ffffff', '#ffffff', '#fff', '#3CF', '#fff', '#7453fc', '#282b2f', '#404245', '#7453fc', '#fff', '#ffffff', '#7453fc', '#7453fc', '#7d5afe', '#fff', '#fff', '#fff', '#2a2a2a', '#fff', '#8a75da', '#fff', '#404245', '#282b2f', '#7453fc', '#7453fc', '#fff', '#ffffff', '#fff', '#2a2a2a', '#fff', '#fff', '#7453fc', '#7453fc', '#fff', '#fff', '#7453fc', '#fff', '#7453fc', '#fff', '#ffffff', '#282b2f', '#404245', '#fff', '#fff', '#fff', '#7453fc', '#fff', '#7453fc', '#afafaf', '#afafaf', '#7453fc', '#fff', '#fff', '#fff', '#7453fc', '#7453fc', '#fff', '#fff', '#7453fc', '#fff', '#fff', '#7453fc', '#282b2f', '#404245', '#7453fc', '#ffffff', '#7453fc', '#7453fc', '#7453fc', '#282b2f', '#404245', '#7453fc', '#7453fc', '#fff', '#afafaf', '#ffffff', '#282b2f', '#404245', '#fff', '#37393c', '#282b2f', '#404245', '#afafaf', '#afafaf', '#fff'",51,,,,
